Misspelled Tokens,Corrected Tokens
https,steps
'',d'
d��cortiqu��e,d��cortiqu��e
d'immigration,immigration
//t.co/j77devjoix,//t.co/j77devjoix
abhinav,abhinav
greencard,greenland
l��immigration,l��immigration
//t.co/nefw30mraa,//t.co/nefw30mraa
5��questions,5��questions
//t.co/xxdeig7dbu,//t.co/xxdeig7dbu
//t.co/lsg7c3vle9,//t.co/lsg7c3vle9
...,p.
b.c,bbc
besoin,begin
it's��_,it's��_
_��_�_,_��_�_
--,i-
cpcldr��_,cpcldr��_
've,eve
's,is
//t.co/f4uto5a7zf,//t.co/f4uto5a7zf
fasttraffic,fasttraffic
website,webster
deyfy,defy
cdnpoli,cdnpoli
xkofy,goofy
//t.co/zrlj26jnkc,//t.co/zrlj26jnkc
huffingtonpost,huffingtonpost
haryanavi,haryana
c��_,c��_
jat,at
campagne,champagne
//t.co/s3hu1okkig,//t.co/s3hu1okkig
rigoureusement,rigoureusement
ladymadonna___,ladymadonna___
//t.co/ec3xhoro2s,//t.co/ec3xhoro2s
��_,��_
//t.co/wtqk4qdiki,//t.co/wtqk4qdiki
l'immigration,immigration
sitetraffic,sitetraffic
//t.co/kwz3csvyxm,//t.co/kwz3csvyxm
//t.co/zozose1cqq,//t.co/zozose1cqq
irr��guli��re,irr��guli��re
��uvre,��uvre
usa=pays,usa=pays
canadidly,candidly
//t.co/uvruw8er1b,//t.co/uvruw8er1b
//t.co/x2ifo0exi2,//t.co/x2ifo0exi2
//t.co/9i72frhtij,//t.co/9i72frhtij
//t.co/becgusy2i6,//t.co/becgusy2i6
//t.co/5lievho7a4,//t.co/5lievho7a4
//t.co/cneywn40x3,//t.co/cneywn40x3
hatecrime��_,hatecrime��_
//t.co/yagwmz8ecp,//t.co/yagwmz8ecp
��,��
//t.co/4k84ee8y63,//t.co/4k84ee8y63
//t.co/0c5obfmxlg,//t.co/0c5obfmxlg
shawhelp,shawell
fear-mongering,fear-mongering
m��me,m��me
//t.co/uibsezoqas,//t.co/uibsezoqas
theeconomist,theeconomist
//t.co/rqrr5nebcg,//t.co/rqrr5nebcg
onthisday,onthisday
globalist,loyalist
acc��s,acc��s
l��,l��
262m,m62
youtube,couture
//t.co/m5ckgyvv8f,//t.co/m5ckgyvv8f
//t.co/cyi867pzrv,//t.co/cyi867pzrv
st��_,st��_
contr��le,contr��le
//t.co/yxh5w53sro,//t.co/yxh5w53sro
//t.co/dkpukywmak,//t.co/dkpukywmak
//t.co/kxdfmgtzzn,//t.co/kxdfmgtzzn
//t.co/vcmfygadr5,//t.co/vcmfygadr5
of��immigration,of��immigration
willl,will
vaste,waste
lpc,pc
//t.co/99myliuoes,//t.co/99myliuoes
sweetnessshawnb,sweetnessshawnb
//t.co/ihpvhw2bag,//t.co/ihpvhw2bag
���substantially,���substantially
monsef,money
